Emalia,MacGuffog,emacguffog0@tinypic.com,wuTtnNaFCG
Winonah,Peasnone,wpeasnone1@tinyurl.com,U3wHD7
Rosana,Kildea,rkildea2@samsung.com,g3RE9grQBU
Suzette,Skeech,sskeech3@sciencedaily.com,13gPDWtlHCxd
Ibbie,Gawler,igawler4@jiathis.com,jKHkNkpA8i2
Spence,Onn,sonn5@dailymail.co.uk,ASaiQOVO6VlZ
Maggi,McArte,mmcarte6@reverbnation.com,WXgbMF
Celesta,Elderbrant,celderbrant7@homestead.com,gQBb230T
Terri-jo,End,tend8@comsenz.com,NtuEZJv0pB
Ferdinande,Bramhall,fbramhall9@si.edu,fs9gWJ
Diahann,Kmietsch,dkmietscha@archive.org,IkcG5njsc5s
Norby,O'Hickee,nohickeeb@purevolume.com,CEiUn6b6Y
Chet,Ballard,cballardc@patch.com,U9PpeLyZS9
Dalli,Strettell,dstrettelld@upenn.edu,qo96J5
Sandy,Haddrell,shaddrelle@comcast.net,bUY4h0XaF
Temp,Semor,tsemorf@canalblog.com,1xSSeG
Maureen,Churcher,mchurcherg@bandcamp.com,NKxoWOffWrg
Ermentrude,Milby,emilbyh@wikimedia.org,2Cn0wa
Warren,Gatchel,wgatcheli@foxnews.com,Hj39S0gDQ2yJ
Simone,Scolli,sscollij@dropbox.com,3K5Hf235zp
